<?xml version="1.0" encoding="UTF-8"?>
<addon id="screensaver.family.safe.library.slideshow"
       name="Family-Safe Library Slideshow"
       version="1.0.8"
       provider-name="Family-Safe">
  <requires>
    <import addon="xbmc.python" version="3.0.0"/>
  </requires>
  <extension point="xbmc.ui.screensaver" library="addon.py"/>
  <extension point="xbmc.addon.metadata">
    <summary lang="en_GB">A cinematic screensaver that turns your library into a family-safe gallery.</summary>
    <description lang="en_GB">Experience your library like never before. This screensaver intelligently pulls artwork directly from your Kodi database to create a personalized slideshow of your favorite content. The standout feature is the Safety Filter system, designed specifically for families and shared living spaces. Instead of risking a "Rated R" or "TV-MA" image appearing during a family gathering, you can toggle specific content ratings on or off in the settings.</description>
    <news lang="en_GB">1.0.8 - Rebuilt PowerShell packaging using .NET zip and added validation.&#10;1.0.7 - Fixed PowerShell ZIP structure for Kodi installs.&#10;1.0.6 - Fixed packaging scripts to use icon.png.&#10;1.0.5 - Added icon and fanart assets.&#10;1.0.4 - Packaging scripts now create a Kodi-compatible ZIP with the addon folder.&#10;1.0.3 - Slideshow now uses fanart only.&#10;1.0.2 - Fixed settings separator, removed invalid action constant, and prevented focus errors in the screensaver UI.&#10;1.0.1 - Added debug logging toggle, README updates, and Kodi log integration.</news>
    <platform>all</platform>
    <assets>
      <icon>icon.png</icon>
      <fanart>fanart.png</fanart>
    </assets>
  </extension>
</addon>
